﻿Provinsi,Bulan,Curah Hujan
Banten,Januari,21.52
Banten,Februari,11.8
Banten,Maret,19.43
Banten,April,19.86
Banten,Mei,8.14
Banten,Juni,9.54
Banten,Juli,7.51
Banten,Agustus,2.46
Banten,September,4.22
Banten,Oktober,0.86
Banten,November,16.58
Banten,Desember,6.02
DI Yogyakarta,Januari,22.34
DI Yogyakarta,Februari,13.66
DI Yogyakarta,Maret,11.42
DI Yogyakarta,April,11.09
DI Yogyakarta,Mei,0.7
DI Yogyakarta,Juni,2.24
DI Yogyakarta,Juli,0.69
DI Yogyakarta,Agustus,0.33
DI Yogyakarta,September,2.75
DI Yogyakarta,Oktober,1.4
DI Yogyakarta,November,16.99
DI Yogyakarta,Desember,14.49
DKI Jakarta,Januari,13.55
DKI Jakarta,Februari,21.76
DKI Jakarta,Maret,13.31
DKI Jakarta,April,6.36
DKI Jakarta,Mei,2.84
DKI Jakarta,Juni,8.42
DKI Jakarta,Juli,4.75
DKI Jakarta,Agustus,0.25
DKI Jakarta,September,5.75
DKI Jakarta,Oktober,2.12
DKI Jakarta,November,5.01
DKI Jakarta,Desember,11.68
Jawa Barat,Januari,15.15
Jawa Barat,Februari,10.58
Jawa Barat,Maret,26.79
Jawa Barat,April,22.9
Jawa Barat,Mei,26.22
Jawa Barat,Juni,10.18
Jawa Barat,Juli,5.13
Jawa Barat,Agustus,4.23
Jawa Barat,September,13.42
Jawa Barat,Oktober,15.92
Jawa Barat,November,24.3
Jawa Barat,Desember,8.0
Jawa Tengah,Januari,9.79
Jawa Tengah,Februari,10.26
Jawa Tengah,Maret,18.78
Jawa Tengah,April,13.49
Jawa Tengah,Mei,3.13
Jawa Tengah,Juni,6.13
Jawa Tengah,Juli,1.48
Jawa Tengah,Agustus,1.75
Jawa Tengah,September,2.42
Jawa Tengah,Oktober,7.03
Jawa Tengah,November,13.9
Jawa Tengah,Desember,10.61
Jawa Timur,Januari,7.1
Jawa Timur,Februari,14.6
Jawa Timur,Maret,9.51
Jawa Timur,April,12.0
Jawa Timur,Mei,0.09
Jawa Timur,Juni,0.98
Jawa Timur,Juli,0.13
Jawa Timur,Agustus,2.37
Jawa Timur,September,1.64
Jawa Timur,Oktober,6.33
Jawa Timur,November,5.7
Jawa Timur,Desember,11.93
