﻿Bulan (Inflasi),,,,,,,,,,,,
,Laju Inflasi Harga Konsumen per Bulan Menurut Kelompok Pengeluaran di Provinsi Jawa Tengah (2022=100),,,,,,,,,,,
,"Makanan, Minuman dan Tembakau",Pakaian dan Alas Kaki,"Perumahan, Air, Listrik, Gas, dan Bahan Bakar","Perlengkapan, Peralatan dan Pemeliharaan Rutin Rumah Tangga",Kesehatan,Transportasi,"Informasi, Komunikasi, Jasa Keuangan","Rekreasi, Olah Raga,dan Budaya",Pendidikan,Penyediaan Makanan dan Minuman/ Restoran,Perawatan Pribadi dan Jasa Lainnya,Umum
,2024,2024,2024,2024,2024,2024,2024,2024,2024,2024,2024,2024
Januari,-0.31,0.1,-0.09,0.07,0.08,-0.33,-0.03,0.64,0,0.12,0.34,-0.08
Februari,1.7,0,0.23,0.11,0.35,0.08,-0.05,0.32,0,0.22,0.05,0.57
Maret,1.68,0.21,0.01,0.05,0.33,-0.02,-0.01,0.12,0.05,0.45,0.49,0.6
April,-0.04,0.09,0.06,0.06,0.07,0.73,-0.14,0.03,0,0.38,1.2,0.2
Mei,-0.78,0.06,-0.05,0.03,0.05,-0.27,-0.16,0.01,0,0.16,0.55,-0.22
Juni,-1.09,0.06,-0.02,0.11,0.04,0.09,-0.07,0.02,0,0.1,0.26,-0.28
Juli,-0.79,0.09,0,0.07,0.06,0.09,-0.05,0,0.37,0.16,0.39,-0.13
Agustus,-0.61,0.06,0,0.05,0.1,0.32,-0.09,0.03,0.68,0.05,0.35,-0.07
September,-0.36,0.05,0.68,0.13,0.17,-0.11,-0.05,0.13,0.56,0.15,0.19,0.05
Oktober,0.46,0.08,0.38,0.19,0.12,-0.55,0.03,0.01,0.05,0.16,0.76,0.19
November,0.69,0.07,0.01,0,0.08,0.05,-0.09,-0.01,0,0.13,0.74,0.26
Desember,1.61,0.05,0,0.12,0.13,0.49,-0.01,0.14,0.02,0.15,0.15,0.57
Tahun Kalender,2.13,0.9,1.21,0.98,1.58,0.58,-0.73,1.43,1.74,2.26,5.59,1.67