﻿Provinsi,Bulan,Harga,Komoditas
Banten,Januari,"43,750",bawang_merah
Banten,Februari,"30,900",bawang_merah
Banten,Maret,"34,650",bawang_merah
Banten,April,"46,650",bawang_merah
Banten,Mei,"58,600",bawang_merah
Banten,Juni,"43,350",bawang_merah
Banten,Juli,"33,350",bawang_merah
Banten,Agustus,"26,750",bawang_merah
Banten,September,"25,650",bawang_merah
Banten,Oktober,"28,650",bawang_merah
Banten,November,"38,900",bawang_merah
Banten,Desember,"43,000",bawang_merah
DI Yogyakarta,Januari,"40,000",bawang_merah
DI Yogyakarta,Februari,"32,500",bawang_merah
DI Yogyakarta,Maret,"34,500",bawang_merah
DI Yogyakarta,April,"36,000",bawang_merah
DI Yogyakarta,Mei,"53,750",bawang_merah
DI Yogyakarta,Juni,"46,250",bawang_merah
DI Yogyakarta,Juli,"35,750",bawang_merah
DI Yogyakarta,Agustus,"25,250",bawang_merah
DI Yogyakarta,September,"24,500",bawang_merah
DI Yogyakarta,Oktober,"24,500",bawang_merah
DI Yogyakarta,November,"33,500",bawang_merah
DI Yogyakarta,Desember,"38,750",bawang_merah
DKI Jakarta,Januari,"44,150",bawang_merah
DKI Jakarta,Februari,"36,650",bawang_merah
DKI Jakarta,Maret,"40,000",bawang_merah
DKI Jakarta,April,"47,500",bawang_merah
DKI Jakarta,Mei,"70,850",bawang_merah
DKI Jakarta,Juni,"52,500",bawang_merah
DKI Jakarta,Juli,"40,850",bawang_merah
DKI Jakarta,Agustus,"32,500",bawang_merah
DKI Jakarta,September,"32,500",bawang_merah
DKI Jakarta,Oktober,"31,650",bawang_merah
DKI Jakarta,November,"45,850",bawang_merah
DKI Jakarta,Desember,"45,850",bawang_merah
Jawa Barat,Januari,"41,150",bawang_merah
Jawa Barat,Februari,"30,650",bawang_merah
Jawa Barat,Maret,"33,550",bawang_merah
Jawa Barat,April,"41,550",bawang_merah
Jawa Barat,Mei,"58,700",bawang_merah
Jawa Barat,Juni,"45,900",bawang_merah
Jawa Barat,Juli,"35,000",bawang_merah
Jawa Barat,Agustus,"27,900",bawang_merah
Jawa Barat,September,"26,250",bawang_merah
Jawa Barat,Oktober,"28,900",bawang_merah
Jawa Barat,November,"37,750",bawang_merah
Jawa Barat,Desember,"40,450",bawang_merah
Jawa Tengah,Januari,"39,250",bawang_merah
Jawa Tengah,Februari,"29,150",bawang_merah
Jawa Tengah,Maret,"32,700",bawang_merah
Jawa Tengah,April,"36,850",bawang_merah
Jawa Tengah,Mei,"55,450",bawang_merah
Jawa Tengah,Juni,"44,000",bawang_merah
Jawa Tengah,Juli,"35,400",bawang_merah
Jawa Tengah,Agustus,"24,350",bawang_merah
Jawa Tengah,September,"23,550",bawang_merah
Jawa Tengah,Oktober,"26,500",bawang_merah
Jawa Tengah,November,"34,200",bawang_merah
Jawa Tengah,Desember,"39,100",bawang_merah
Jawa Timur,Januari,"34,600",bawang_merah
Jawa Timur,Februari,"30,300",bawang_merah
Jawa Timur,Maret,"30,000",bawang_merah
Jawa Timur,April,"33,700",bawang_merah
Jawa Timur,Mei,"53,900",bawang_merah
Jawa Timur,Juni,"44,800",bawang_merah
Jawa Timur,Juli,"31,400",bawang_merah
Jawa Timur,Agustus,"22,000",bawang_merah
Jawa Timur,September,"22,300",bawang_merah
Jawa Timur,Oktober,"25,050",bawang_merah
Jawa Timur,November,"32,550",bawang_merah
Jawa Timur,Desember,"39,000",bawang_merah
Banten,Januari,"39,750",bawang_putih
Banten,Februari,"40,150",bawang_putih
Banten,Maret,"39,650",bawang_putih
Banten,April,"42,650",bawang_putih
Banten,Mei,"45,850",bawang_putih
Banten,Juni,"45,850",bawang_putih
Banten,Juli,"42,250",bawang_putih
Banten,Agustus,"40,850",bawang_putih
Banten,September,"41,400",bawang_putih
Banten,Oktober,"41,150",bawang_putih
Banten,November,"41,650",bawang_putih
Banten,Desember,"42,350",bawang_putih
DI Yogyakarta,Januari,"43,500",bawang_putih
DI Yogyakarta,Februari,"44,000",bawang_putih
DI Yogyakarta,Maret,"44,750",bawang_putih
DI Yogyakarta,April,"44,750",bawang_putih
DI Yogyakarta,Mei,"48,750",bawang_putih
DI Yogyakarta,Juni,"48,750",bawang_putih
DI Yogyakarta,Juli,"46,750",bawang_putih
DI Yogyakarta,Agustus,"43,000",bawang_putih
DI Yogyakarta,September,"41,250",bawang_putih
DI Yogyakarta,Oktober,"41,250",bawang_putih
DI Yogyakarta,November,"42,500",bawang_putih
DI Yogyakarta,Desember,"44,500",bawang_putih
DKI Jakarta,Januari,"45,850",bawang_putih
DKI Jakarta,Februari,"47,500",bawang_putih
DKI Jakarta,Maret,"46,650",bawang_putih
DKI Jakarta,April,"49,650",bawang_putih
DKI Jakarta,Mei,"58,850",bawang_putih
DKI Jakarta,Juni,"54,150",bawang_putih
DKI Jakarta,Juli,"47,500",bawang_putih
DKI Jakarta,Agustus,"49,150",bawang_putih
DKI Jakarta,September,"47,500",bawang_putih
DKI Jakarta,Oktober,"48,350",bawang_putih
DKI Jakarta,November,"48,350",bawang_putih
DKI Jakarta,Desember,"51,350",bawang_putih
Jawa Barat,Januari,"40,250",bawang_putih
Jawa Barat,Februari,"40,050",bawang_putih
Jawa Barat,Maret,"40,550",bawang_putih
Jawa Barat,April,"43,450",bawang_putih
Jawa Barat,Mei,"45,550",bawang_putih
Jawa Barat,Juni,"44,550",bawang_putih
Jawa Barat,Juli,"42,500",bawang_putih
Jawa Barat,Agustus,"41,900",bawang_putih
Jawa Barat,September,"41,500",bawang_putih
Jawa Barat,Oktober,"42,000",bawang_putih
Jawa Barat,November,"42,900",bawang_putih
Jawa Barat,Desember,"43,800",bawang_putih
Jawa Tengah,Januari,"40,900",bawang_putih
Jawa Tengah,Februari,"40,350",bawang_putih
Jawa Tengah,Maret,"41,000",bawang_putih
Jawa Tengah,April,"41,750",bawang_putih
Jawa Tengah,Mei,"45,050",bawang_putih
Jawa Tengah,Juni,"43,250",bawang_putih
Jawa Tengah,Juli,"40,250",bawang_putih
Jawa Tengah,Agustus,"40,200",bawang_putih
Jawa Tengah,September,"38,950",bawang_putih
Jawa Tengah,Oktober,"40,250",bawang_putih
Jawa Tengah,November,"41,150",bawang_putih
Jawa Tengah,Desember,"42,500",bawang_putih
Jawa Timur,Januari,"34,600",bawang_putih
Jawa Timur,Februari,"34,400",bawang_putih
Jawa Timur,Maret,"35,300",bawang_putih
Jawa Timur,April,"37,050",bawang_putih
Jawa Timur,Mei,"38,450",bawang_putih
Jawa Timur,Juni,"38,000",bawang_putih
Jawa Timur,Juli,"35,200",bawang_putih
Jawa Timur,Agustus,"36,450",bawang_putih
Jawa Timur,September,"36,050",bawang_putih
Jawa Timur,Oktober,"36,200",bawang_putih
Jawa Timur,November,"36,550",bawang_putih
Jawa Timur,Desember,"38,550",bawang_putih
Banten,Januari,"14,600",beras
Banten,Februari,"15,250",beras
Banten,Maret,"16,750",beras
Banten,April,"15,800",beras
Banten,Mei,"14,750",beras
Banten,Juni,"14,850",beras
Banten,Juli,"14,850",beras
Banten,Agustus,"15,250",beras
Banten,September,"14,650",beras
Banten,Oktober,"14,650",beras
Banten,November,"14,650",beras
Banten,Desember,"14,800",beras
DI Yogyakarta,Januari,"14,000",beras
DI Yogyakarta,Februari,"14,200",beras
DI Yogyakarta,Maret,"15,400",beras
DI Yogyakarta,April,"15,150",beras
DI Yogyakarta,Mei,"15,150",beras
DI Yogyakarta,Juni,"14,300",beras
DI Yogyakarta,Juli,"14,250",beras
DI Yogyakarta,Agustus,"14,250",beras
DI Yogyakarta,September,"14,250",beras
DI Yogyakarta,Oktober,"14,250",beras
DI Yogyakarta,November,"14,250",beras
DI Yogyakarta,Desember,"14,150",beras
DKI Jakarta,Januari,"15,400",beras
DKI Jakarta,Februari,"15,750",beras
DKI Jakarta,Maret,"16,150",beras
DKI Jakarta,April,"16,050",beras
DKI Jakarta,Mei,"15,450",beras
DKI Jakarta,Juni,"15,400",beras
DKI Jakarta,Juli,"15,600",beras
DKI Jakarta,Agustus,"15,650",beras
DKI Jakarta,September,"15,550",beras
DKI Jakarta,Oktober,"15,550",beras
DKI Jakarta,November,"15,550",beras
DKI Jakarta,Desember,"15,450",beras
Jawa Barat,Januari,"14,000",beras
Jawa Barat,Februari,"14,800",beras
Jawa Barat,Maret,"15,800",beras
Jawa Barat,April,"15,450",beras
Jawa Barat,Mei,"14,750",beras
Jawa Barat,Juni,"14,500",beras
Jawa Barat,Juli,"14,600",beras
Jawa Barat,Agustus,"14,600",beras
Jawa Barat,September,"14,550",beras
Jawa Barat,Oktober,"14,550",beras
Jawa Barat,November,"14,550",beras
Jawa Barat,Desember,"14,550",beras
Jawa Tengah,Januari,"13,850",beras
Jawa Tengah,Februari,"14,500",beras
Jawa Tengah,Maret,"15,600",beras
Jawa Tengah,April,"15,200",beras
Jawa Tengah,Mei,"14,700",beras
Jawa Tengah,Juni,"14,400",beras
Jawa Tengah,Juli,"14,550",beras
Jawa Tengah,Agustus,"14,500",beras
Jawa Tengah,September,"14,600",beras
Jawa Tengah,Oktober,"14,650",beras
Jawa Tengah,November,"14,550",beras
Jawa Tengah,Desember,"14,500",beras
Jawa Timur,Januari,"13,700",beras
Jawa Timur,Februari,"14,550",beras
Jawa Timur,Maret,"15,350",beras
Jawa Timur,April,"14,950",beras
Jawa Timur,Mei,"14,400",beras
Jawa Timur,Juni,"13,900",beras
Jawa Timur,Juli,"14,150",beras
Jawa Timur,Agustus,"14,100",beras
Jawa Timur,September,"14,050",beras
Jawa Timur,Oktober,"14,050",beras
Jawa Timur,November,"14,050",beras
Jawa Timur,Desember,"14,000",beras
Banten,Januari,"76,000",cabai_merah
Banten,Februari,"75,850",cabai_merah
Banten,Maret,"82,100",cabai_merah
Banten,April,"45,100",cabai_merah
Banten,Mei,"65,450",cabai_merah
Banten,Juni,"52,700",cabai_merah
Banten,Juli,"44,050",cabai_merah
Banten,Agustus,"43,550",cabai_merah
Banten,September,"34,950",cabai_merah
Banten,Oktober,"29,150",cabai_merah
Banten,November,"30,250",cabai_merah
Banten,Desember,"30,400",cabai_merah
DI Yogyakarta,Januari,"70,000",cabai_merah
DI Yogyakarta,Februari,"67,500",cabai_merah
DI Yogyakarta,Maret,"76,900",cabai_merah
DI Yogyakarta,April,"45,650",cabai_merah
DI Yogyakarta,Mei,"53,750",cabai_merah
DI Yogyakarta,Juni,"45,000",cabai_merah
DI Yogyakarta,Juli,"42,500",cabai_merah
DI Yogyakarta,Agustus,"37,750",cabai_merah
DI Yogyakarta,September,"30,650",cabai_merah
DI Yogyakarta,Oktober,"22,250",cabai_merah
DI Yogyakarta,November,"23,750",cabai_merah
DI Yogyakarta,Desember,"25,500",cabai_merah
DKI Jakarta,Januari,"93,350",cabai_merah
DKI Jakarta,Februari,"75,000",cabai_merah
DKI Jakarta,Maret,"92,500",cabai_merah
DKI Jakarta,April,"57,900",cabai_merah
DKI Jakarta,Mei,"78,350",cabai_merah
DKI Jakarta,Juni,"63,350",cabai_merah
DKI Jakarta,Juli,"53,350",cabai_merah
DKI Jakarta,Agustus,"51,650",cabai_merah
DKI Jakarta,September,"47,100",cabai_merah
DKI Jakarta,Oktober,"41,650",cabai_merah
DKI Jakarta,November,"38,750",cabai_merah
DKI Jakarta,Desember,"37,100",cabai_merah
Jawa Barat,Januari,"75,600",cabai_merah
Jawa Barat,Februari,"78,250",cabai_merah
Jawa Barat,Maret,"86,850",cabai_merah
Jawa Barat,April,"55,250",cabai_merah
Jawa Barat,Mei,"61,550",cabai_merah
Jawa Barat,Juni,"51,200",cabai_merah
Jawa Barat,Juli,"44,650",cabai_merah
Jawa Barat,Agustus,"44,650",cabai_merah
Jawa Barat,September,"38,700",cabai_merah
Jawa Barat,Oktober,"31,550",cabai_merah
Jawa Barat,November,"31,000",cabai_merah
Jawa Barat,Desember,"33,750",cabai_merah
Jawa Tengah,Januari,"66,250",cabai_merah
Jawa Tengah,Februari,"58,300",cabai_merah
Jawa Tengah,Maret,"67,150",cabai_merah
Jawa Tengah,April,"38,900",cabai_merah
Jawa Tengah,Mei,"50,300",cabai_merah
Jawa Tengah,Juni,"45,250",cabai_merah
Jawa Tengah,Juli,"37,700",cabai_merah
Jawa Tengah,Agustus,"37,950",cabai_merah
Jawa Tengah,September,"27,650",cabai_merah
Jawa Tengah,Oktober,"22,850",cabai_merah
Jawa Tengah,November,"23,350",cabai_merah
Jawa Tengah,Desember,"21,750",cabai_merah
Jawa Timur,Januari,"56,500",cabai_merah
Jawa Timur,Februari,"67,200",cabai_merah
Jawa Timur,Maret,"66,650",cabai_merah
Jawa Timur,April,"39,000",cabai_merah
Jawa Timur,Mei,"54,800",cabai_merah
Jawa Timur,Juni,"41,650",cabai_merah
Jawa Timur,Juli,"32,300",cabai_merah
Jawa Timur,Agustus,"33,400",cabai_merah
Jawa Timur,September,"22,900",cabai_merah
Jawa Timur,Oktober,"16,800",cabai_merah
Jawa Timur,November,"16,000",cabai_merah
Jawa Timur,Desember,"19,450",cabai_merah
Banten,Januari,"65,050",cabai_rawit
Banten,Februari,"47,250",cabai_rawit
Banten,Maret,"60,050",cabai_rawit
Banten,April,"41,600",cabai_rawit
Banten,Mei,"45,400",cabai_rawit
Banten,Juni,"43,350",cabai_rawit
Banten,Juli,"54,300",cabai_rawit
Banten,Agustus,"70,050",cabai_rawit
Banten,September,"47,500",cabai_rawit
Banten,Oktober,"44,550",cabai_rawit
Banten,November,"32,500",cabai_rawit
Banten,Desember,"31,300",cabai_rawit
DI Yogyakarta,Januari,"64,400",cabai_rawit
DI Yogyakarta,Februari,"38,500",cabai_rawit
DI Yogyakarta,Maret,"51,900",cabai_rawit
DI Yogyakarta,April,"39,400",cabai_rawit
DI Yogyakarta,Mei,"33,750",cabai_rawit
DI Yogyakarta,Juni,"38,150",cabai_rawit
DI Yogyakarta,Juli,"41,900",cabai_rawit
DI Yogyakarta,Agustus,"61,900",cabai_rawit
DI Yogyakarta,September,"33,150",cabai_rawit
DI Yogyakarta,Oktober,"30,000",cabai_rawit
DI Yogyakarta,November,"29,000",cabai_rawit
DI Yogyakarta,Desember,"31,900",cabai_rawit
DKI Jakarta,Januari,"75,850",cabai_rawit
DKI Jakarta,Februari,"52,900",cabai_rawit
DKI Jakarta,Maret,"71,250",cabai_rawit
DKI Jakarta,April,"51,250",cabai_rawit
DKI Jakarta,Mei,"50,850",cabai_rawit
DKI Jakarta,Juni,"46,650",cabai_rawit
DKI Jakarta,Juli,"48,750",cabai_rawit
DKI Jakarta,Agustus,"78,750",cabai_rawit
DKI Jakarta,September,"52,100",cabai_rawit
DKI Jakarta,Oktober,"46,650",cabai_rawit
DKI Jakarta,November,"43,350",cabai_rawit
DKI Jakarta,Desember,"40,400",cabai_rawit
Jawa Barat,Januari,"62,650",cabai_rawit
Jawa Barat,Februari,"45,300",cabai_rawit
Jawa Barat,Maret,"60,350",cabai_rawit
Jawa Barat,April,"45,650",cabai_rawit
Jawa Barat,Mei,"43,700",cabai_rawit
Jawa Barat,Juni,"41,900",cabai_rawit
Jawa Barat,Juli,"48,000",cabai_rawit
Jawa Barat,Agustus,"70,700",cabai_rawit
Jawa Barat,September,"44,550",cabai_rawit
Jawa Barat,Oktober,"41,000",cabai_rawit
Jawa Barat,November,"38,200",cabai_rawit
Jawa Barat,Desember,"35,450",cabai_rawit
Jawa Tengah,Januari,"60,800",cabai_rawit
Jawa Tengah,Februari,"35,100",cabai_rawit
Jawa Tengah,Maret,"49,050",cabai_rawit
Jawa Tengah,April,"34,050",cabai_rawit
Jawa Tengah,Mei,"28,900",cabai_rawit
Jawa Tengah,Juni,"28,800",cabai_rawit
Jawa Tengah,Juli,"35,050",cabai_rawit
Jawa Tengah,Agustus,"55,950",cabai_rawit
Jawa Tengah,September,"30,600",cabai_rawit
Jawa Tengah,Oktober,"33,450",cabai_rawit
Jawa Tengah,November,"29,550",cabai_rawit
Jawa Tengah,Desember,"24,250",cabai_rawit
Jawa Timur,Januari,"53,150",cabai_rawit
Jawa Timur,Februari,"29,550",cabai_rawit
Jawa Timur,Maret,"43,500",cabai_rawit
Jawa Timur,April,"28,000",cabai_rawit
Jawa Timur,Mei,"22,200",cabai_rawit
Jawa Timur,Juni,"25,450",cabai_rawit
Jawa Timur,Juli,"32,250",cabai_rawit
Jawa Timur,Agustus,"53,350",cabai_rawit
Jawa Timur,September,"26,500",cabai_rawit
Jawa Timur,Oktober,"26,700",cabai_rawit
Jawa Timur,November,"22,500",cabai_rawit
Jawa Timur,Desember,"20,800",cabai_rawit
Banten,Januari,"37,750",daging_ayam
Banten,Februari,"37,600",daging_ayam
Banten,Maret,"41,750",daging_ayam
Banten,April,"39,400",daging_ayam
Banten,Mei,"37,750",daging_ayam
Banten,Juni,"37,750",daging_ayam
Banten,Juli,"39,350",daging_ayam
Banten,Agustus,"36,750",daging_ayam
Banten,September,"35,600",daging_ayam
Banten,Oktober,"36,150",daging_ayam
Banten,November,"37,600",daging_ayam
Banten,Desember,"38,400",daging_ayam
DI Yogyakarta,Januari,"34,750",daging_ayam
DI Yogyakarta,Februari,"34,250",daging_ayam
DI Yogyakarta,Maret,"38,750",daging_ayam
DI Yogyakarta,April,"38,250",daging_ayam
DI Yogyakarta,Mei,"36,750",daging_ayam
DI Yogyakarta,Juni,"36,250",daging_ayam
DI Yogyakarta,Juli,"36,750",daging_ayam
DI Yogyakarta,Agustus,"33,000",daging_ayam
DI Yogyakarta,September,"33,750",daging_ayam
DI Yogyakarta,Oktober,"32,250",daging_ayam
DI Yogyakarta,November,"36,750",daging_ayam
DI Yogyakarta,Desember,"34,750",daging_ayam
DKI Jakarta,Januari,"36,000",daging_ayam
DKI Jakarta,Februari,"34,350",daging_ayam
DKI Jakarta,Maret,"38,600",daging_ayam
DKI Jakarta,April,"37,850",daging_ayam
DKI Jakarta,Mei,"37,850",daging_ayam
DKI Jakarta,Juni,"36,350",daging_ayam
DKI Jakarta,Juli,"38,650",daging_ayam
DKI Jakarta,Agustus,"35,250",daging_ayam
DKI Jakarta,September,"34,650",daging_ayam
DKI Jakarta,Oktober,"35,150",daging_ayam
DKI Jakarta,November,"36,650",daging_ayam
DKI Jakarta,Desember,"35,150",daging_ayam
Jawa Barat,Januari,"35,200",daging_ayam
Jawa Barat,Februari,"35,250",daging_ayam
Jawa Barat,Maret,"39,350",daging_ayam
Jawa Barat,April,"39,000",daging_ayam
Jawa Barat,Mei,"36,350",daging_ayam
Jawa Barat,Juni,"35,700",daging_ayam
Jawa Barat,Juli,"37,300",daging_ayam
Jawa Barat,Agustus,"33,950",daging_ayam
Jawa Barat,September,"33,950",daging_ayam
Jawa Barat,Oktober,"33,450",daging_ayam
Jawa Barat,November,"36,500",daging_ayam
Jawa Barat,Desember,"36,350",daging_ayam
Jawa Tengah,Januari,"33,300",daging_ayam
Jawa Tengah,Februari,"32,950",daging_ayam
Jawa Tengah,Maret,"37,950",daging_ayam
Jawa Tengah,April,"38,650",daging_ayam
Jawa Tengah,Mei,"36,200",daging_ayam
Jawa Tengah,Juni,"35,550",daging_ayam
Jawa Tengah,Juli,"35,750",daging_ayam
Jawa Tengah,Agustus,"33,450",daging_ayam
Jawa Tengah,September,"33,450",daging_ayam
Jawa Tengah,Oktober,"32,950",daging_ayam
Jawa Tengah,November,"35,700",daging_ayam
Jawa Tengah,Desember,"35,350",daging_ayam
Jawa Timur,Januari,"31,850",daging_ayam
Jawa Timur,Februari,"31,800",daging_ayam
Jawa Timur,Maret,"37,800",daging_ayam
Jawa Timur,April,"37,100",daging_ayam
Jawa Timur,Mei,"35,850",daging_ayam
Jawa Timur,Juni,"34,150",daging_ayam
Jawa Timur,Juli,"34,000",daging_ayam
Jawa Timur,Agustus,"31,850",daging_ayam
Jawa Timur,September,"32,650",daging_ayam
Jawa Timur,Oktober,"31,200",daging_ayam
Jawa Timur,November,"34,900",daging_ayam
Jawa Timur,Desember,"34,700",daging_ayam
Banten,Januari,"132,500",daging_sapi
Banten,Februari,"132,500",daging_sapi
Banten,Maret,"132,500",daging_sapi
Banten,April,"133,350",daging_sapi
Banten,Mei,"134,150",daging_sapi
Banten,Juni,"133,750",daging_sapi
Banten,Juli,"133,750",daging_sapi
Banten,Agustus,"133,750",daging_sapi
Banten,September,"134,150",daging_sapi
Banten,Oktober,"134,150",daging_sapi
Banten,November,"134,150",daging_sapi
Banten,Desember,"129,150",daging_sapi
DI Yogyakarta,Januari,"136,250",daging_sapi
DI Yogyakarta,Februari,"136,250",daging_sapi
DI Yogyakarta,Maret,"136,250",daging_sapi
DI Yogyakarta,April,"136,250",daging_sapi
DI Yogyakarta,Mei,"136,250",daging_sapi
DI Yogyakarta,Juni,"136,250",daging_sapi
DI Yogyakarta,Juli,"136,250",daging_sapi
DI Yogyakarta,Agustus,"136,250",daging_sapi
DI Yogyakarta,September,"136,250",daging_sapi
DI Yogyakarta,Oktober,"136,250",daging_sapi
DI Yogyakarta,November,"136,250",daging_sapi
DI Yogyakarta,Desember,"136,250",daging_sapi
DKI Jakarta,Januari,"141,650",daging_sapi
DKI Jakarta,Februari,"141,650",daging_sapi
DKI Jakarta,Maret,"141,650",daging_sapi
DKI Jakarta,April,"144,150",daging_sapi
DKI Jakarta,Mei,"140,000",daging_sapi
DKI Jakarta,Juni,"140,000",daging_sapi
DKI Jakarta,Juli,"140,000",daging_sapi
DKI Jakarta,Agustus,"140,000",daging_sapi
DKI Jakarta,September,"140,000",daging_sapi
DKI Jakarta,Oktober,"140,000",daging_sapi
DKI Jakarta,November,"136,650",daging_sapi
DKI Jakarta,Desember,"134,600",daging_sapi
Jawa Barat,Januari,"139,650",daging_sapi
Jawa Barat,Februari,"139,250",daging_sapi
Jawa Barat,Maret,"139,550",daging_sapi
Jawa Barat,April,"141,050",daging_sapi
Jawa Barat,Mei,"141,450",daging_sapi
Jawa Barat,Juni,"140,850",daging_sapi
Jawa Barat,Juli,"140,900",daging_sapi
Jawa Barat,Agustus,"140,850",daging_sapi
Jawa Barat,September,"140,450",daging_sapi
Jawa Barat,Oktober,"140,000",daging_sapi
Jawa Barat,November,"140,000",daging_sapi
Jawa Barat,Desember,"139,950",daging_sapi
Jawa Tengah,Januari,"129,250",daging_sapi
Jawa Tengah,Februari,"129,000",daging_sapi
Jawa Tengah,Maret,"128,700",daging_sapi
Jawa Tengah,April,"128,700",daging_sapi
Jawa Tengah,Mei,"128,300",daging_sapi
Jawa Tengah,Juni,"128,250",daging_sapi
Jawa Tengah,Juli,"128,200",daging_sapi
Jawa Tengah,Agustus,"128,150",daging_sapi
Jawa Tengah,September,"127,900",daging_sapi
Jawa Tengah,Oktober,"128,050",daging_sapi
Jawa Tengah,November,"128,050",daging_sapi
Jawa Tengah,Desember,"128,050",daging_sapi
Jawa Timur,Januari,"118,200",daging_sapi
Jawa Timur,Februari,"117,750",daging_sapi
Jawa Timur,Maret,"117,750",daging_sapi
Jawa Timur,April,"119,750",daging_sapi
Jawa Timur,Mei,"121,350",daging_sapi
Jawa Timur,Juni,"120,850",daging_sapi
Jawa Timur,Juli,"120,100",daging_sapi
Jawa Timur,Agustus,"120,200",daging_sapi
Jawa Timur,September,"120,400",daging_sapi
Jawa Timur,Oktober,"120,600",daging_sapi
Jawa Timur,November,"121,850",daging_sapi
Jawa Timur,Desember,"121,850",daging_sapi
Banten,Januari,"17,750",gula_pasir
Banten,Februari,"17,750",gula_pasir
Banten,Maret,"18,250",gula_pasir
Banten,April,"18,250",gula_pasir
Banten,Mei,"19,150",gula_pasir
Banten,Juni,"19,050",gula_pasir
Banten,Juli,"17,800",gula_pasir
Banten,Agustus,"17,650",gula_pasir
Banten,September,"18,100",gula_pasir
Banten,Oktober,"18,150",gula_pasir
Banten,November,"18,000",gula_pasir
Banten,Desember,"18,000",gula_pasir
DI Yogyakarta,Januari,"16,850",gula_pasir
DI Yogyakarta,Februari,"16,950",gula_pasir
DI Yogyakarta,Maret,"17,200",gula_pasir
DI Yogyakarta,April,"17,200",gula_pasir
DI Yogyakarta,Mei,"17,450",gula_pasir
DI Yogyakarta,Juni,"17,350",gula_pasir
DI Yogyakarta,Juli,"17,350",gula_pasir
DI Yogyakarta,Agustus,"17,350",gula_pasir
DI Yogyakarta,September,"17,350",gula_pasir
DI Yogyakarta,Oktober,"17,350",gula_pasir
DI Yogyakarta,November,"17,350",gula_pasir
DI Yogyakarta,Desember,"17,350",gula_pasir
DKI Jakarta,Januari,"18,150",gula_pasir
DKI Jakarta,Februari,"18,150",gula_pasir
DKI Jakarta,Maret,"18,150",gula_pasir
DKI Jakarta,April,"18,300",gula_pasir
DKI Jakarta,Mei,"19,450",gula_pasir
DKI Jakarta,Juni,"19,450",gula_pasir
DKI Jakarta,Juli,"19,450",gula_pasir
DKI Jakarta,Agustus,"19,550",gula_pasir
DKI Jakarta,September,"19,300",gula_pasir
DKI Jakarta,Oktober,"19,200",gula_pasir
DKI Jakarta,November,"19,250",gula_pasir
DKI Jakarta,Desember,"19,250",gula_pasir
Jawa Barat,Januari,"17,450",gula_pasir
Jawa Barat,Februari,"17,450",gula_pasir
Jawa Barat,Maret,"17,600",gula_pasir
Jawa Barat,April,"17,800",gula_pasir
Jawa Barat,Mei,"18,750",gula_pasir
Jawa Barat,Juni,"18,600",gula_pasir
Jawa Barat,Juli,"18,350",gula_pasir
Jawa Barat,Agustus,"18,250",gula_pasir
Jawa Barat,September,"18,250",gula_pasir
Jawa Barat,Oktober,"18,300",gula_pasir
Jawa Barat,November,"18,350",gula_pasir
Jawa Barat,Desember,"18,400",gula_pasir
Jawa Tengah,Januari,"17,400",gula_pasir
Jawa Tengah,Februari,"17,600",gula_pasir
Jawa Tengah,Maret,"17,850",gula_pasir
Jawa Tengah,April,"18,050",gula_pasir
Jawa Tengah,Mei,"18,500",gula_pasir
Jawa Tengah,Juni,"18,100",gula_pasir
Jawa Tengah,Juli,"17,800",gula_pasir
Jawa Tengah,Agustus,"17,750",gula_pasir
Jawa Tengah,September,"17,750",gula_pasir
Jawa Tengah,Oktober,"17,850",gula_pasir
Jawa Tengah,November,"17,900",gula_pasir
Jawa Tengah,Desember,"17,900",gula_pasir
Jawa Timur,Januari,"16,750",gula_pasir
Jawa Timur,Februari,"17,000",gula_pasir
Jawa Timur,Maret,"17,150",gula_pasir
Jawa Timur,April,"17,250",gula_pasir
Jawa Timur,Mei,"18,000",gula_pasir
Jawa Timur,Juni,"17,450",gula_pasir
Jawa Timur,Juli,"17,150",gula_pasir
Jawa Timur,Agustus,"17,050",gula_pasir
Jawa Timur,September,"17,200",gula_pasir
Jawa Timur,Oktober,"17,350",gula_pasir
Jawa Timur,November,"17,350",gula_pasir
Jawa Timur,Desember,"17,350",gula_pasir
Banten,Januari,"17,300",minyak_goreng
Banten,Februari,"17,600",minyak_goreng
Banten,Maret,"17,600",minyak_goreng
Banten,April,"18,000",minyak_goreng
Banten,Mei,"18,000",minyak_goreng
Banten,Juni,"17,750",minyak_goreng
Banten,Juli,"18,050",minyak_goreng
Banten,Agustus,"18,050",minyak_goreng
Banten,September,"18,250",minyak_goreng
Banten,Oktober,"18,550",minyak_goreng
Banten,November,"18,800",minyak_goreng
Banten,Desember,"19,600",minyak_goreng
DI Yogyakarta,Januari,"17,000",minyak_goreng
DI Yogyakarta,Februari,"17,000",minyak_goreng
DI Yogyakarta,Maret,"17,600",minyak_goreng
DI Yogyakarta,April,"17,750",minyak_goreng
DI Yogyakarta,Mei,"17,700",minyak_goreng
DI Yogyakarta,Juni,"17,350",minyak_goreng
DI Yogyakarta,Juli,"17,700",minyak_goreng
DI Yogyakarta,Agustus,"17,750",minyak_goreng
DI Yogyakarta,September,"17,850",minyak_goreng
DI Yogyakarta,Oktober,"17,850",minyak_goreng
DI Yogyakarta,November,"18,800",minyak_goreng
DI Yogyakarta,Desember,"19,400",minyak_goreng
DKI Jakarta,Januari,"18,050",minyak_goreng
DKI Jakarta,Februari,"18,150",minyak_goreng
DKI Jakarta,Maret,"18,600",minyak_goreng
DKI Jakarta,April,"18,800",minyak_goreng
DKI Jakarta,Mei,"19,100",minyak_goreng
DKI Jakarta,Juni,"19,050",minyak_goreng
DKI Jakarta,Juli,"19,100",minyak_goreng
DKI Jakarta,Agustus,"19,150",minyak_goreng
DKI Jakarta,September,"19,150",minyak_goreng
DKI Jakarta,Oktober,"19,250",minyak_goreng
DKI Jakarta,November,"19,550",minyak_goreng
DKI Jakarta,Desember,"20,200",minyak_goreng
Jawa Barat,Januari,"17,900",minyak_goreng
Jawa Barat,Februari,"18,200",minyak_goreng
Jawa Barat,Maret,"18,350",minyak_goreng
Jawa Barat,April,"18,550",minyak_goreng
Jawa Barat,Mei,"18,550",minyak_goreng
Jawa Barat,Juni,"18,500",minyak_goreng
Jawa Barat,Juli,"18,500",minyak_goreng
Jawa Barat,Agustus,"18,600",minyak_goreng
Jawa Barat,September,"18,700",minyak_goreng
Jawa Barat,Oktober,"18,800",minyak_goreng
Jawa Barat,November,"19,250",minyak_goreng
Jawa Barat,Desember,"20,100",minyak_goreng
Jawa Tengah,Januari,"17,450",minyak_goreng
Jawa Tengah,Februari,"17,750",minyak_goreng
Jawa Tengah,Maret,"17,750",minyak_goreng
Jawa Tengah,April,"18,150",minyak_goreng
Jawa Tengah,Mei,"17,950",minyak_goreng
Jawa Tengah,Juni,"17,850",minyak_goreng
Jawa Tengah,Juli,"17,900",minyak_goreng
Jawa Tengah,Agustus,"18,050",minyak_goreng
Jawa Tengah,September,"18,200",minyak_goreng
Jawa Tengah,Oktober,"18,400",minyak_goreng
Jawa Tengah,November,"18,950",minyak_goreng
Jawa Tengah,Desember,"19,550",minyak_goreng
Jawa Timur,Januari,"17,600",minyak_goreng
Jawa Timur,Februari,"17,700",minyak_goreng
Jawa Timur,Maret,"17,900",minyak_goreng
Jawa Timur,April,"18,200",minyak_goreng
Jawa Timur,Mei,"18,300",minyak_goreng
Jawa Timur,Juni,"17,950",minyak_goreng
Jawa Timur,Juli,"18,000",minyak_goreng
Jawa Timur,Agustus,"18,100",minyak_goreng
Jawa Timur,September,"18,200",minyak_goreng
Jawa Timur,Oktober,"18,250",minyak_goreng
Jawa Timur,November,"18,550",minyak_goreng
Jawa Timur,Desember,"18,850",minyak_goreng
Banten,Januari,"26,500",telur_ayam
Banten,Februari,"27,000",telur_ayam
Banten,Maret,"32,000",telur_ayam
Banten,April,"28,350",telur_ayam
Banten,Mei,"30,000",telur_ayam
Banten,Juni,"28,350",telur_ayam
Banten,Juli,"28,000",telur_ayam
Banten,Agustus,"27,150",telur_ayam
Banten,September,"26,100",telur_ayam
Banten,Oktober,"26,650",telur_ayam
Banten,November,"26,350",telur_ayam
Banten,Desember,"26,650",telur_ayam
DI Yogyakarta,Januari,"27,000",telur_ayam
DI Yogyakarta,Februari,"26,500",telur_ayam
DI Yogyakarta,Maret,"31,500",telur_ayam
DI Yogyakarta,April,"28,000",telur_ayam
DI Yogyakarta,Mei,"29,650",telur_ayam
DI Yogyakarta,Juni,"28,000",telur_ayam
DI Yogyakarta,Juli,"28,000",telur_ayam
DI Yogyakarta,Agustus,"26,500",telur_ayam
DI Yogyakarta,September,"25,750",telur_ayam
DI Yogyakarta,Oktober,"25,650",telur_ayam
DI Yogyakarta,November,"26,650",telur_ayam
DI Yogyakarta,Desember,"25,750",telur_ayam
DKI Jakarta,Januari,"27,000",telur_ayam
DKI Jakarta,Februari,"27,350",telur_ayam
DKI Jakarta,Maret,"31,500",telur_ayam
DKI Jakarta,April,"29,500",telur_ayam
DKI Jakarta,Mei,"29,750",telur_ayam
DKI Jakarta,Juni,"28,700",telur_ayam
DKI Jakarta,Juli,"28,000",telur_ayam
DKI Jakarta,Agustus,"27,850",telur_ayam
DKI Jakarta,September,"25,600",telur_ayam
DKI Jakarta,Oktober,"27,000",telur_ayam
DKI Jakarta,November,"26,700",telur_ayam
DKI Jakarta,Desember,"26,600",telur_ayam
Jawa Barat,Januari,"26,950",telur_ayam
Jawa Barat,Februari,"27,000",telur_ayam
Jawa Barat,Maret,"31,450",telur_ayam
Jawa Barat,April,"29,250",telur_ayam
Jawa Barat,Mei,"29,150",telur_ayam
Jawa Barat,Juni,"29,000",telur_ayam
Jawa Barat,Juli,"28,050",telur_ayam
Jawa Barat,Agustus,"27,750",telur_ayam
Jawa Barat,September,"26,000",telur_ayam
Jawa Barat,Oktober,"26,850",telur_ayam
Jawa Barat,November,"26,550",telur_ayam
Jawa Barat,Desember,"26,350",telur_ayam
Jawa Tengah,Januari,"26,450",telur_ayam
Jawa Tengah,Februari,"25,850",telur_ayam
Jawa Tengah,Maret,"30,600",telur_ayam
Jawa Tengah,April,"27,450",telur_ayam
Jawa Tengah,Mei,"28,550",telur_ayam
Jawa Tengah,Juni,"27,150",telur_ayam
Jawa Tengah,Juli,"27,550",telur_ayam
Jawa Tengah,Agustus,"26,300",telur_ayam
Jawa Tengah,September,"25,200",telur_ayam
Jawa Tengah,Oktober,"25,300",telur_ayam
Jawa Tengah,November,"25,900",telur_ayam
Jawa Tengah,Desember,"25,350",telur_ayam
Jawa Timur,Januari,"25,650",telur_ayam
Jawa Timur,Februari,"25,850",telur_ayam
Jawa Timur,Maret,"30,700",telur_ayam
Jawa Timur,April,"27,900",telur_ayam
Jawa Timur,Mei,"28,100",telur_ayam
Jawa Timur,Juni,"27,500",telur_ayam
Jawa Timur,Juli,"26,800",telur_ayam
Jawa Timur,Agustus,"26,550",telur_ayam
Jawa Timur,September,"24,850",telur_ayam
Jawa Timur,Oktober,"25,700",telur_ayam
Jawa Timur,November,"25,750",telur_ayam
Jawa Timur,Desember,"25,200",telur_ayam
