﻿Provinsi,Bulan,Inflasi
Banten,Januari,-0.18
Banten,Februari,1.3
Banten,Maret,1.82
Banten,April,0.31
Banten,Mei,-1.58
Banten,Juni,-0.41
Banten,Juli,-0.98
Banten,Agustus,-0.39
Banten,September,-0.87
Banten,Oktober,0.1
Banten,November,1.14
Banten,Desember,1.46
DI Yogyakarta,Januari,-0.12
DI Yogyakarta,Februari,1.17
DI Yogyakarta,Maret,1.23
DI Yogyakarta,April,-0.7
DI Yogyakarta,Mei,-0.27
DI Yogyakarta,Juni,-1.07
DI Yogyakarta,Juli,-0.65
DI Yogyakarta,Agustus,-0.56
DI Yogyakarta,September,-0.42
DI Yogyakarta,Oktober,0.33
DI Yogyakarta,November,0.55
DI Yogyakarta,Desember,1.35
DKI Jakarta,Januari,-0.06
DKI Jakarta,Februari,1.24
DKI Jakarta,Maret,1.33
DKI Jakarta,April,-0.15
DKI Jakarta,Mei,-1.02
DKI Jakarta,Juni,-0.16
DKI Jakarta,Juli,-0.93
DKI Jakarta,Agustus,-0.35
DKI Jakarta,September,-0.59
DKI Jakarta,Oktober,0.09
DKI Jakarta,November,0.96
DKI Jakarta,Desember,1.33
Jawa Barat,Januari,0.15
Jawa Barat,Februari,1.25
Jawa Barat,Maret,1.39
Jawa Barat,April,-0.32
Jawa Barat,Mei,-0.58
Jawa Barat,Juni,-0.25
Jawa Barat,Juli,-0.24
Jawa Barat,Agustus,-0.24
Jawa Barat,September,-0.83
Jawa Barat,Oktober,-0.06
Jawa Barat,November,0.51
Jawa Barat,Desember,0.99
Jawa Tengah,Januari,-0.31
Jawa Tengah,Februari,1.7
Jawa Tengah,Maret,1.68
Jawa Tengah,April,-0.04
Jawa Tengah,Mei,-0.78
Jawa Tengah,Juni,-1.09
Jawa Tengah,Juli,-0.79
Jawa Tengah,Agustus,-0.61
Jawa Tengah,September,-0.36
Jawa Tengah,Oktober,0.46
Jawa Tengah,November,0.69
Jawa Tengah,Desember,1.61
Jawa Timur,Januari,-0.19
Jawa Timur,Februari,1.65
Jawa Timur,Maret,1.8
Jawa Timur,April,0.12
Jawa Timur,Mei,-0.91
Jawa Timur,Juni,-1.32
Jawa Timur,Juli,-0.3
Jawa Timur,Agustus,-0.66
Jawa Timur,September,-0.63
Jawa Timur,Oktober,0.41
Jawa Timur,November,0.62
Jawa Timur,Desember,1.43
