﻿Provinsi,Bulan,Inflasi
DKI Jakarta,Januari,-0.06
DKI Jakarta,Februari,1.24
DKI Jakarta,Maret,1.33
DKI Jakarta,April,-0.15
DKI Jakarta,Mei,-1.02
DKI Jakarta,Juni,-0.16
DKI Jakarta,Juli,-0.93
DKI Jakarta,Agustus,-0.35
DKI Jakarta,September,-0.59
DKI Jakarta,Oktober,0.09
DKI Jakarta,November,0.96
DKI Jakarta,Desember,1.33
Jawa Tengah,Januari,-0.31
Jawa Tengah,Februari,1.7
Jawa Tengah,Maret,1.68
Jawa Tengah,April,-0.04
Jawa Tengah,Mei,-0.78
Jawa Tengah,Juni,-1.09
Jawa Tengah,Juli,-0.79
Jawa Tengah,Agustus,-0.61
Jawa Tengah,September,-0.36
Jawa Tengah,Oktober,0.46
Jawa Tengah,November,0.69
Jawa Tengah,Desember,1.61
