Provinsi,Bulan,Inflasi
Banten,Januari,-0.18
Jawa Barat,Januari,0.15
Jawa Timur,Januari,-0.19
DI Yogyakarta,Januari,-0.12
Banten,Februari,1.3
Jawa Barat,Februari,1.25
DI Yogyakarta,Februari,1.17
Jawa Timur,Februari,1.65
Jawa Barat,Maret,1.39
Jawa Timur,Maret,1.8
DI Yogyakarta,Maret,1.23
Banten,Maret,1.82
Banten,April,0.31
Jawa Barat,April,-0.32
DI Yogyakarta,April,-0.7
Jawa Timur,April,0.12
Jawa Timur,Mei,-0.91
Banten,Mei,-1.58
Jawa Barat,Mei,-0.58
DI Yogyakarta,Mei,-0.27
DI Yogyakarta,Juni,-1.07
Jawa Barat,Juni,-0.25
Jawa Timur,Juni,-1.32
Banten,Juni,-0.41
Jawa Timur,Juli,-0.3
Jawa Barat,Juli,-0.24
Banten,Juli,-0.98
DI Yogyakarta,Juli,-0.65
Jawa Barat,Agustus,-0.24
Jawa Timur,Agustus,-0.66
DI Yogyakarta,Agustus,-0.56
Banten,Agustus,-0.39
DI Yogyakarta,September,-0.42
Jawa Barat,September,-0.83
Jawa Timur,September,-0.63
Banten,September,-0.87
Jawa Barat,Oktober,-0.06
Jawa Timur,Oktober,0.41
Banten,Oktober,0.1
DI Yogyakarta,Oktober,0.33
DI Yogyakarta,November,0.55
Jawa Barat,November,0.51
Banten,November,1.14
Jawa Timur,November,0.62
DI Yogyakarta,Desember,1.35
Banten,Desember,1.46
Jawa Barat,Desember,0.99
Jawa Timur,Desember,1.43
