﻿Kelompok Pengeluaran COICOP,,,,,,,,,,,,
,Inflasi Bulanan Menurut Kelompok Pengeluaran COICOP di Provinsi Banten,,,,,,,,,,,
,Januari,Februari,Maret,April,Mei,Juni,Juli,Agustus,September,Oktober,November,Desember
,2024,2024,2024,2024,2024,2024,2024,2024,2024,2024,2024,2024
"Makanan, Minuman, dan Tembakau",-0.18,1.3,1.82,0.31,-1.58,-0.41,-0.98,-0.39,-0.87,0.1,1.14,1.46
Pakaian dan Alas Kaki,-0.17,0.17,0.97,0.63,-0.08,0.14,-0.1,0.16,0.01,0.24,0.05,0.06
"Perumahan, Air, Listrik, dan Bahan Bakar Rumahtangga",0.02,-0.01,-,-0.02,0.04,0.1,0.02,0.02,-0.08,0.02,0.05,0.01
"Perlengkapan, Peralatan, dan Pemeliharaan Rutin Rumahtangga",0.02,0.32,0.11,0.08,0.32,0.24,0.56,0.2,0.1,-0.06,0.23,-0.26
Kesehatan,-0.03,0.39,0.58,0.04,0.07,0.11,0.41,-0.24,0.03,0.24,0.11,0.37
Transportasi,-0.37,0.03,0.13,1.17,-0.81,0.01,0.07,0.3,-0.3,-0.16,0.14,0.04
"Informasi, Komunikasi, dan Jasa Keuangan",-0.03,0.05,0.08,-0.06,0.01,-0.03,0.03,0.05,0.01,-0.34,-0.05,0.1
"Rekreasi, Olahraga, dan Budaya",0.16,0.05,0.13,-0.25,0.08,1.03,-0.01,0.07,-0.2,0.17,0.08,0.04
Pendidikan,0.05,0,0.38,-,-,0.01,0.34,0.52,0.18,0.07,-,-
Penyediaan Makanan dan Minuman/Restoran,0.65,0.21,1.97,0.39,0.11,0.03,0.18,0.05,0.39,0.52,0.07,0.12
Perawatan Pribadi dan Jasa Lainnya,-0.05,0.42,1.19,1.82,0.68,-0.01,-0.23,0.83,0.11,1.06,0.58,0.28
Umum,-0.04,0.52,0.98,0.41,-0.52,-0.08,-0.24,0.01,-0.26,0.14,0.45,0.5