﻿Kelompok Pengeluaran Inflasi,,,,,,,,,,,,,
,Inflasi (month to month/ m-to-m) Menurut Kelompok Pengeluaran di Provinsi DI Yogyakarta (Persen),,,,,,,,,,,,
,2024,,,,,,,,,,,,
,Januari,Februari,Maret,April,Mei,Juni,Juli,Agustus,September,Oktober,November,Desember,Tahunan
Umum,-0.02,0.39,0.43,0.09,-0.08,-0.25,-0.03,0.05,-0.1,0.09,0.25,0.46,-
"Makanan, Minuman, dan Tembakau",-0.12,1.17,1.23,-0.7,-0.27,-1.07,-0.65,-0.56,-0.42,0.33,0.55,1.35,-
Pakaian dan Alas Kaki,-0.03,0.08,0.07,0.35,0.05,0.31,0.41,0.38,0.03,0.04,0.23,0.16,-
"Perumahan, Air, Listrik, dan Bahan Bakar Rumah Tangga",0.1,0,0.04,0.09,0.02,0.06,0.17,0.02,0.02,0.01,-,0.23,-
"Perlengkapan, Peralatan, dan Pemeliharaan Rutin Rumah Tangga",0.13,0.05,0,0.02,0.34,0.02,0.07,0.18,0.28,0.1,0.2,0.13,-
Kesehatan,0.48,0.12,0.11,0.04,0.46,0.21,0.12,0.28,0.15,0.07,0.37,-0.03,-
Transportasi,-0.32,0.18,0.1,1.44,-1.26,0.05,-0.06,0.48,-0.35,-0.46,0.02,0.24,-
"Informasi, Komunikasi, dan Jasa Keuangan",-0.05,0,0.01,0.01,-0.11,-0.09,0,0,-0.01,-0.04,-0.02,-0.02,-
"Rekreasi, Olahraga, dan Budaya",0.36,0.32,0.32,0.01,0.12,0.34,0.29,0.46,-0.02,0.09,-,-0.05,-
Pendidikan,0.02,0,0,0,0,0,1.04,0.02,-,0.04,0.02,-,-
Penyediaan Makanan dan Minuman/Restoran,0,0,0.11,0.09,0.12,0.1,0.01,0.06,0.1,0.12,0.15,0.12,-
Perawatan Pribadi dan Jasa Lainnya,0.37,0.28,0.56,1.12,1.91,0.21,0.63,1.33,0.49,0.62,0.73,0.02,-